decision_id;date;matiere;juridiction;issue;fichier
DEC-1000;2025-02-01;recouvrement;TJ Bordeaux;favorable;decision_1000.pdf
DEC-1001;2021-03-24;bail commercial;TJ Bordeaux;transaction;decision_1001.pdf
DEC-1002;2025-09-03;famille;TJ Bordeaux;défavorable;decision_1002.pdf
DEC-1003;2020-01-03;prud'hommes;TJ Bordeaux;favorable;decision_1003.pdf
DEC-1004;2024-10-01;famille;TJ Bordeaux;favorable;decision_1004.pdf
DEC-1005;2025-11-23;famille;TJ Bordeaux;défavorable;decision_1005.pdf
DEC-1006;2021-08-19;recouvrement;TJ Bordeaux;favorable;decision_1006.pdf
DEC-1007;2021-12-14;recouvrement;TJ Bordeaux;défavorable;decision_1007.pdf
DEC-1008;2021-04-25;recouvrement;TJ Bordeaux;favorable;decision_1008.pdf
DEC-1009;2020-07-04;recouvrement;TJ Bordeaux;défavorable;decision_1009.pdf
DEC-1010;2024-05-26;bail commercial;TJ Bordeaux;transaction;decision_1010.pdf
DEC-1011;2023-09-04;droit des sociétés;TJ Bordeaux;favorable;decision_1011.pdf
DEC-1012;2024-05-27;famille;TJ Bordeaux;défavorable;decision_1012.pdf
DEC-1013;2024-04-23;bail commercial;TJ Bordeaux;favorable;decision_1013.pdf
DEC-1014;2025-04-25;recouvrement;TJ Bordeaux;favorable;decision_1014.pdf
DEC-1015;2021-02-13;recouvrement;TJ Bordeaux;défavorable;decision_1015.pdf
DEC-1016;2025-06-06;recouvrement;TJ Bordeaux;défavorable;decision_1016.pdf
DEC-1017;2021-11-09;bail commercial;TJ Bordeaux;transaction;decision_1017.pdf
DEC-1018;2025-03-18;prud'hommes;TJ Bordeaux;favorable;decision_1018.pdf
DEC-1019;2023-07-09;famille;TJ Bordeaux;favorable;decision_1019.pdf